classes,ids,special_strings,tag,attr,value,state,child_tag,exclude_domain
inventoryList full list-unstyled,,"class=""inventoryList full list-unstyled""",ul,class,inventoryList full list-unstyled,equal,,
,search_results,"id=""search_results""",div,id,search_results,equal,,
vehicle-item inventory-listing__item js-vehicle-item js-vehicle-item-image-inited,,"class=""vehicle-item inventory-listing__item js-vehicle-item js-vehicle-item-image-inited""",div,class,vehicle-item inventory-listing__item js-vehicle-item js-vehicle-item-image-inited,equal,,
mb-lg grid-view col,,"class=""mb-lg grid-view col""",div,class,mb-lg grid-view col,equal,,
row ax-vehicle-list,,"class=""row ax-vehicle-list""",div,class,row ax-vehicle-list,equal,,
inventory-list-container,,"class=""inventory-list-container",div,class,inventory-list-container,contain,,
SearchGrid,,"class=""SearchGrid""",div,class,SearchGrid,equal,,
gv-inventory-list,,"class=""gv-inventory-list",ul,class,gv-inventory-list,contain,,
,vehicleList,"id=""vehicleList""",div,id,vehicleList,equal,,
list-group,,"class=""list-group""",div,class,list-group,equal,,
,invContainer,"id=""invContainer""",div,id,invContainer,equal,,
,hits,"id=""hits""",div,id,hits,equal,,
,ds-inventory-listview,"id=""ds-inventory-listview""",div,id,ds-inventory-listview,equal,,
,rlvVehicles_panelPlaceholder,"id=""rlvVehicles_panelPlaceholder""",div,id,rlvVehicles_panelPlaceholder,equal,,
,srp-listing-rows-container,"id=""srp-listing-rows-container""",div,id,srp-listing-rows-container,equal,,
i05r_mainContent,,"class=""i05r_mainContent",div,class,i05r_mainContent,contain,,
inv-repeater update-vehicles,,"class=""inv-repeater update-vehicles""",div,class,inv-repeater update-vehicles,equal,,
all-cars-list-arch,,"class=""all-cars-list-arch""",div,class,all-cars-list-arch,equal,,
,16dfd74c-dbaf-4b07-947b-21fa84437905,"id=""16dfd74c-dbaf-4b07-947b-21fa84437905""",div,id,16dfd74c-dbaf-4b07-947b-21fa84437905,equal,,
deck,,"class=""deck""",div,class,deck,equal,,
sidebar-oncanvas,,"sidebar-oncanvas"">",div,class,sidebar-oncanvas,contain,,
,DataList1,"id=""DataList1",table,id,DataList1,equal,tbody,
car-list-row ng-scope,,"class=""car-list-row ng-scope""",div,class,car-list-row ng-scope,equal,,
,inv-list,"id=""inv-list""",ul,id,inv-list,equal,,
inv-list-container,,"class=""inv-list-container""",div,class,inv-list-container,equal,,
content_b,,"class=""content_b""",div,class,content_b,equal,center,
auto-listings-items,,"class=""auto-listings-items""",ul,class,auto-listings-items,equal,,
,divMainRestrictiveAlignment,"id=""divMainRestrictiveAlignment""",div,id,divMainRestrictiveAlignment,equal,,
,products,"id=""products""",div,id,products,equal,,
,vehicleInventoryList,"id=""vehicleInventoryList""",div,id,vehicleInventoryList,equal,,
,a123InventorySection,"id=""a123InventorySection""",div,id,a123InventorySection,equal,,
content-wrap car_listings row,,"class=""content-wrap car_listings row""",div,class,content-wrap car_listings row,equal,,
list,,"class=""list""",ul,class,list,equal,,
search-results template-vehicle list,,"class=""search-results template-vehicle list""",ul,class,search-results template-vehicle list,equal,,
table_outline outer rightContent,,"class=""table_outline outer rightContent""",div,class,table_outline outer rightContent,equal,,
inventory-wrapper,,"class=""inventory-wrapper""",div,class,inventory-wrapper,equal,div,
container-fluid border-wrap inventory-results-wrap,,"class=""container-fluid border-wrap inventory-results-wrap""",div,class,container-fluid border-wrap inventory-results-wrap,equal,div,
inventoryList,,"class=""inventoryList",ul,class,inventoryList,contain,,
results_table,,"class=""results_table""",table,class,results_table,equal,tbody,
,inventory_list,"id=""inventory_list""",section,id,inventory_list,equal,,
search_result_wrapper div_list listing-layout1,,"class=""search_result_wrapper div_list listing-layout1""",div,class,search_result_wrapper div_list listing-layout1,equal,,
jamrow list-group,,"class=""jamrow list-group""",div,class,jamrow list-group,equal,,
,results-row,"id=""results-row""",div,id,results-row,equal,,
,result,"id=""result""",div,id,result,equal,,
,vehicle-list,"id=""vehicle-list""",div,id,vehicle-list,equal,,
,ajaxtarget,"id=""ajaxtarget""",div,id,ajaxtarget,equal,,
uk-grid,,"class=""uk-grid""",div,class,uk-grid,equal,,
auto-listings-items list-view,,"class=""auto-listings-items list-view""",ul,class,auto-listings-items list-view,equal,,jaysusedcarsofgso.com
pure-u-1 pure-u-md-3-4,,"class=""pure-u-1 pure-u-md-3-4""",div,class,pure-u-1 pure-u-md-3-4,equal,,"atlantalexussales.com,renautautomotive.com,dandsautobrokersllc.com,interstatemotorsinc.com"
pure-u-1,,"class=""pure-u-1",div,class,pure-u-1,contain,,
bg-fff pad push-b,,"class=""bg-fff pad push-b""",div,class,bg-fff pad push-b,equal,,
,VehBody,"id=""VehBody""",div,id,VehBody,equal,,
,vehicleResults,"id=""vehicleResults""",div,id,vehicleResults,equal,,
row dws-vehicle-listing-container,,"class=""row dws-vehicle-listing-container""",div,class,row dws-vehicle-listing-container,equal,,
invent-grid,,"class=""invent-grid""",ul,class,invent-grid,equal,,
inventory-cars,,"class=""container inventory-cars animated fadeInDown""",div,class,inventory-cars,contain,,
af-vehicle-s-wrapper,,"class=""af-vehicle-s-wrapper""",div,class,af-vehicle-s-wrapper,equal,,
car-listing,,"class=""small-12 large-8 columns car-listing""",div,class,car-listing,contain,,
srp_vehicle_item_container srp_vehicle_table,,"class=""srp_vehicle_item_container srp_vehicle_table""",div,class,srp_vehicle_item_container srp_vehicle_table,equal,,
srp_results,,"class=""srp_results",div,class,srp_results,contain,,
inventory-listing,,"class=""inventory-listing",div,class,inventory-listing,contain,,
,wsb-canvas-template-container,"id=""wsb-canvas-template-container""",div,class,wsb-element-text,equal,,
,1005928399,"id=""1005928399""",div,id,1005928399,equal,,
,comp-iijxwlj5itemsContainer,"id=""comp-iijxwlj5itemsContainer""",div,id,comp-iijxwlj5itemsContainer,equal,,
,a123Inventory,"<section id=""a123Inventory""",section,id,a123Inventory,equal,,
,content,"id=""content""",div,id,content,equal,,
row grid-row,,"class=""row grid-row""",div,class,row grid-row,equal,,
,c1dmpinlineContent-gridContainer,"id=""c1dmpinlineContent-gridContainer""",div,id,c1dmpinlineContent-gridContainer,equal,,
,vehicles,"id=""vehicles""",div,id,vehicles,equal,,
